country,iso3,year,burden_tier,hiv_prevalence,hiv_incidence,aids_mortality,art_coverage,pct_know_status,viral_suppression,condom_use,vmmc_coverage,prep_coverage,comprehensive_knowledge,sti_prevalence,female_literacy,gender_inequality,gdp_per_capita,health_expenditure_pct,urban_pct
Eswatini,SWZ,2010,very_high,27.35,20.936,145.2,24.8,44.1,14.3,61.5,15.3,0.52,43.0,9.2,80.5,0.543,6245.0,3.23,40.6
Eswatini,SWZ,2011,very_high,28.46,21.422,107.8,27.9,45.7,28.8,56.9,17.7,0.0,43.8,10.1,79.5,0.538,6007.0,4.22,41.2
Eswatini,SWZ,2012,very_high,29.35,17.365,146.6,34.6,54.0,26.7,56.6,20.4,0.0,46.6,8.6,80.9,0.547,6362.0,4.16,41.5
Eswatini,SWZ,2013,very_high,30.0,17.51,129.7,39.8,55.1,36.1,57.9,25.3,0.74,47.5,9.0,80.1,0.535,6706.0,6.02,43.1
Eswatini,SWZ,2014,very_high,30.0,15.783,114.9,43.8,58.0,37.2,57.2,26.0,0.03,47.1,8.7,84.0,0.537,6065.0,4.58,41.8
Eswatini,SWZ,2015,very_high,30.0,14.648,129.7,45.9,63.8,41.4,58.2,29.2,0.0,52.6,8.7,85.6,0.505,6559.0,4.96,42.9
Eswatini,SWZ,2016,very_high,30.0,14.688,105.0,52.9,65.1,48.5,58.6,30.9,0.57,56.0,8.8,87.1,0.513,7836.0,4.99,43.7
Eswatini,SWZ,2017,very_high,30.0,12.526,114.6,61.3,65.4,51.9,58.5,33.6,1.13,53.1,8.1,86.1,0.508,7229.0,5.22,44.7
Eswatini,SWZ,2018,very_high,30.0,10.5,93.5,65.6,74.0,58.1,62.8,34.1,1.82,57.6,7.9,86.0,0.488,7551.0,6.04,44.9
Eswatini,SWZ,2019,very_high,30.0,10.709,83.6,71.3,78.7,59.0,64.7,39.2,2.9,59.1,8.4,84.8,0.477,7874.0,5.0,45.8
Eswatini,SWZ,2020,very_high,29.74,7.662,98.5,74.2,85.2,67.2,63.4,39.8,4.37,61.3,7.5,86.5,0.49,8485.0,5.3,46.2
Eswatini,SWZ,2021,very_high,29.75,7.984,78.4,80.8,84.9,69.0,64.8,42.8,5.25,63.5,7.7,89.1,0.493,8551.0,6.01,46.8
Eswatini,SWZ,2022,very_high,29.42,6.649,72.9,89.5,90.3,75.8,66.1,44.3,5.91,65.4,7.6,90.0,0.499,8679.0,4.89,46.2
Eswatini,SWZ,2023,very_high,29.31,6.323,66.4,91.7,94.1,75.9,65.3,49.3,5.84,64.2,7.6,89.3,0.484,9024.0,4.69,48.7
Lesotho,LSO,2010,very_high,23.91,19.372,121.8,23.6,47.7,19.6,55.3,17.2,0.08,43.6,8.2,83.2,0.543,5588.0,4.43,40.6
Lesotho,LSO,2011,very_high,24.88,16.91,107.8,32.7,45.3,25.8,55.4,20.3,0.05,42.6,7.6,80.9,0.547,5785.0,4.63,40.3
Lesotho,LSO,2012,very_high,25.77,16.774,108.4,36.1,51.8,32.6,54.2,21.3,0.49,50.6,8.8,84.1,0.541,5644.0,5.08,41.2
Lesotho,LSO,2013,very_high,26.7,17.2,117.8,42.1,53.6,31.8,57.2,23.4,0.23,51.6,8.2,80.2,0.538,6330.0,5.39,41.8
Lesotho,LSO,2014,very_high,27.25,13.534,102.2,46.0,58.6,41.3,57.7,29.1,0.29,51.6,8.3,82.9,0.517,6832.0,4.6,42.7
Lesotho,LSO,2015,very_high,27.85,14.002,111.8,50.8,62.3,42.3,58.5,27.2,0.86,52.1,8.1,85.6,0.51,7036.0,5.47,44.2
Lesotho,LSO,2016,very_high,28.22,13.69,112.5,57.8,67.9,44.8,61.9,33.1,0.74,56.3,9.2,82.6,0.504,7412.0,4.93,44.7
Lesotho,LSO,2017,very_high,28.7,11.147,107.2,61.5,71.2,52.5,62.6,37.0,1.06,57.6,9.0,87.9,0.515,7391.0,5.11,44.8
Lesotho,LSO,2018,very_high,28.99,11.573,100.7,66.9,73.6,56.2,58.8,32.6,2.39,60.5,8.8,87.1,0.505,7622.0,3.96,45.4
Lesotho,LSO,2019,very_high,29.19,9.104,86.4,69.1,80.5,60.6,63.9,38.7,3.53,58.5,7.5,87.8,0.494,7665.0,5.43,44.6
Lesotho,LSO,2020,very_high,29.05,7.936,82.2,77.0,80.3,65.8,62.2,41.8,4.75,62.9,7.5,86.7,0.489,7788.0,5.26,46.2
Lesotho,LSO,2021,very_high,29.11,6.399,73.2,80.8,84.9,73.5,64.4,40.2,5.09,57.6,6.4,88.0,0.482,7802.0,5.28,49.0
Lesotho,LSO,2022,very_high,28.98,6.598,75.4,88.5,94.1,72.1,66.1,45.0,4.98,64.3,7.9,89.3,0.484,9006.0,4.58,47.8
Lesotho,LSO,2023,very_high,28.54,5.583,71.1,94.4,90.5,78.8,68.4,47.9,6.59,65.4,6.9,89.8,0.466,8850.0,4.76,46.2
Botswana,BWA,2010,very_high,22.08,13.675,114.5,27.3,43.0,20.7,54.6,13.1,0.35,43.4,8.8,80.5,0.542,5874.0,4.51,41.2
Botswana,BWA,2011,very_high,22.75,12.741,112.4,31.4,52.0,22.2,56.5,17.5,0.0,49.8,8.8,79.7,0.546,6477.0,4.49,40.1
Botswana,BWA,2012,very_high,23.48,12.39,109.6,36.0,50.7,28.8,58.7,22.9,0.07,47.7,8.5,82.8,0.52,5979.0,5.24,41.8
Botswana,BWA,2013,very_high,23.96,12.212,108.5,39.9,53.9,33.3,56.4,23.8,0.08,48.8,9.3,83.7,0.523,6745.0,5.07,42.6
Botswana,BWA,2014,very_high,24.23,9.313,96.6,47.8,60.7,43.7,59.4,27.7,0.0,51.3,8.0,84.0,0.515,7100.0,4.02,42.6
Botswana,BWA,2015,very_high,24.53,8.518,99.8,53.3,63.6,44.7,61.0,24.4,0.0,52.9,7.4,83.5,0.524,7043.0,4.64,43.4
Botswana,BWA,2016,very_high,24.94,9.446,93.5,53.7,67.1,47.4,55.9,30.2,0.96,52.4,8.7,87.0,0.525,7446.0,4.73,46.5
Botswana,BWA,2017,very_high,25.14,8.16,97.7,59.4,70.7,47.5,61.8,29.9,1.79,56.7,8.2,85.6,0.514,7417.0,4.76,45.4
Botswana,BWA,2018,very_high,25.33,6.606,71.6,67.2,74.9,62.9,58.5,34.9,2.55,54.7,9.1,86.4,0.493,7851.0,4.19,45.9
Botswana,BWA,2019,very_high,25.52,7.542,81.7,70.8,77.2,59.2,64.2,37.3,3.55,58.7,8.8,89.3,0.483,7425.0,4.47,45.1
Botswana,BWA,2020,very_high,25.28,4.948,76.5,77.2,82.9,66.9,65.0,39.1,4.42,55.5,7.8,88.4,0.51,8912.0,6.26,47.2
Botswana,BWA,2021,very_high,25.52,5.367,72.9,83.5,86.7,69.6,67.1,43.7,4.79,64.7,9.0,91.5,0.485,8742.0,4.68,45.4
Botswana,BWA,2022,very_high,25.66,4.947,60.1,85.4,87.6,73.1,67.4,48.4,5.84,63.2,8.4,90.9,0.469,8637.0,4.41,47.3
Botswana,BWA,2023,very_high,25.53,4.331,61.7,90.6,93.2,78.3,66.8,48.9,6.31,68.6,8.4,91.3,0.476,9015.0,5.26,46.7
South Africa,ZAF,2010,very_high,17.78,11.993,83.7,23.1,45.5,22.8,54.8,16.2,0.0,40.7,9.2,79.5,0.552,5389.0,4.68,40.3
South Africa,ZAF,2011,very_high,18.67,12.212,72.6,31.2,48.2,21.0,55.9,17.7,0.13,45.2,9.1,80.0,0.539,6730.0,4.85,40.5
South Africa,ZAF,2012,very_high,19.3,10.273,92.8,37.7,54.3,30.3,56.9,21.8,0.0,47.7,8.2,79.7,0.538,6777.0,4.2,42.1
South Africa,ZAF,2013,very_high,19.4,9.797,90.2,41.4,57.9,33.9,59.7,21.9,0.48,52.0,9.3,84.3,0.553,6978.0,3.94,39.9
South Africa,ZAF,2014,very_high,19.85,8.651,89.1,45.8,58.2,39.1,58.4,28.1,0.2,54.9,8.3,81.4,0.537,6748.0,5.06,42.9
South Africa,ZAF,2015,very_high,20.28,8.665,68.8,53.0,63.8,43.6,57.8,28.8,0.66,54.6,8.9,85.7,0.524,6973.0,5.2,41.8
South Africa,ZAF,2016,very_high,20.51,7.775,81.5,55.0,62.3,49.7,60.6,29.3,0.0,55.9,9.0,82.6,0.5,7036.0,4.92,44.8
South Africa,ZAF,2017,very_high,20.37,5.996,71.4,62.8,66.5,53.8,62.5,31.0,1.46,57.2,7.6,82.3,0.512,7645.0,4.67,44.8
South Africa,ZAF,2018,very_high,20.41,6.137,68.3,70.6,74.2,59.7,62.3,37.0,2.14,58.2,8.3,84.0,0.509,7321.0,5.02,44.7
South Africa,ZAF,2019,very_high,20.41,5.144,58.2,77.2,79.2,59.9,61.4,38.6,2.88,61.2,7.4,90.5,0.491,7999.0,4.71,44.4
South Africa,ZAF,2020,very_high,20.21,4.354,64.6,74.3,82.9,63.9,63.7,41.0,4.03,60.4,7.1,88.6,0.481,7763.0,5.89,45.6
South Africa,ZAF,2021,very_high,20.22,4.428,55.8,84.6,87.4,68.0,62.2,43.1,5.3,66.3,7.7,89.6,0.491,7567.0,5.2,47.1
South Africa,ZAF,2022,very_high,20.22,3.549,45.8,86.0,88.4,73.1,64.5,47.0,5.53,62.9,8.0,90.0,0.469,8582.0,5.54,46.8
South Africa,ZAF,2023,very_high,19.94,2.928,46.4,89.1,94.5,83.6,64.1,50.4,6.22,64.7,6.5,92.1,0.451,8696.0,5.62,46.9
Zimbabwe,ZWE,2010,high,15.3,8.61,85.7,21.3,43.7,16.5,46.2,26.1,0.0,37.2,7.7,71.8,0.576,1659.0,4.07,35.7
Zimbabwe,ZWE,2011,high,15.49,8.934,73.6,22.0,46.5,19.7,45.5,31.1,0.02,37.7,7.7,71.8,0.58,1751.0,4.47,36.2
Zimbabwe,ZWE,2012,high,15.43,7.388,84.6,29.5,46.6,27.5,50.1,31.7,0.0,40.5,6.7,68.8,0.585,1593.0,4.67,37.8
Zimbabwe,ZWE,2013,high,15.65,7.059,68.5,34.3,55.4,33.9,46.6,32.0,0.0,45.8,7.9,74.4,0.557,1893.0,4.03,39.2
Zimbabwe,ZWE,2014,high,15.86,7.109,65.5,39.5,55.1,34.9,47.0,33.2,0.26,45.3,7.3,72.3,0.554,1760.0,5.09,37.0
Zimbabwe,ZWE,2015,high,15.92,6.384,73.1,45.5,60.3,38.8,47.7,34.3,0.0,48.7,7.7,74.8,0.54,1979.0,5.36,38.3
Zimbabwe,ZWE,2016,high,15.9,5.533,60.9,48.7,65.3,46.0,49.6,43.0,0.3,49.1,6.8,75.9,0.547,1908.0,4.59,36.1
Zimbabwe,ZWE,2017,high,15.97,4.671,62.3,52.5,67.0,53.5,53.0,43.6,0.86,52.2,8.1,73.9,0.534,1919.0,5.87,38.8
Zimbabwe,ZWE,2018,high,16.28,4.707,58.7,59.7,68.3,51.7,50.5,48.0,2.9,53.9,7.2,73.0,0.527,1895.0,5.66,39.7
Zimbabwe,ZWE,2019,high,16.33,4.646,50.1,64.5,75.1,57.9,55.3,48.1,3.52,54.9,7.7,78.6,0.531,2201.0,5.46,39.9
Zimbabwe,ZWE,2020,high,16.3,3.491,51.3,67.7,75.8,60.4,56.2,49.4,3.2,53.3,6.5,79.3,0.53,2348.0,5.09,42.0
Zimbabwe,ZWE,2021,high,15.95,3.018,47.6,76.2,83.7,69.0,55.7,57.3,5.18,59.0,6.7,78.3,0.5,2143.0,5.05,41.4
Zimbabwe,ZWE,2022,high,15.77,2.526,43.0,73.8,79.7,74.2,59.5,55.9,5.96,59.1,6.7,80.2,0.519,2544.0,4.75,42.2
Zimbabwe,ZWE,2023,high,15.69,2.859,44.6,83.8,88.6,75.7,56.1,55.8,6.01,59.4,6.9,78.5,0.516,2540.0,5.29,42.8
Namibia,NAM,2010,high,13.53,8.476,65.3,21.9,43.1,18.6,44.7,23.0,0.64,39.8,7.7,68.8,0.568,1692.0,4.16,35.1
Namibia,NAM,2011,high,13.69,8.005,76.3,23.8,45.6,18.6,43.1,27.3,0.01,44.2,7.9,70.8,0.59,1667.0,4.47,37.5
Namibia,NAM,2012,high,14.36,6.011,77.4,33.7,50.1,23.6,47.9,31.4,0.05,42.5,7.4,73.6,0.564,1653.0,4.27,34.9
Namibia,NAM,2013,high,14.56,5.892,66.2,38.1,55.1,32.7,47.1,34.6,0.0,42.8,6.9,73.2,0.577,1867.0,3.8,35.1
Namibia,NAM,2014,high,14.94,6.704,64.6,42.6,54.9,35.1,51.0,37.2,0.0,45.8,9.1,74.4,0.555,1826.0,4.26,36.9
Namibia,NAM,2015,high,15.24,5.951,71.2,45.1,59.1,38.6,49.5,33.2,0.14,49.6,8.4,71.7,0.554,1812.0,4.08,37.9
Namibia,NAM,2016,high,15.47,4.814,60.8,50.6,64.4,41.6,48.8,42.7,0.44,49.1,7.3,76.8,0.522,2162.0,5.89,38.8
Namibia,NAM,2017,high,15.58,4.258,58.9,54.0,66.7,53.5,47.7,41.8,1.72,52.2,6.3,77.0,0.548,1950.0,4.24,37.1
Namibia,NAM,2018,high,15.34,3.539,48.0,60.1,70.8,51.9,57.9,43.8,2.37,53.6,6.6,77.4,0.543,1946.0,4.62,40.9
Namibia,NAM,2019,high,15.09,3.482,46.1,63.6,73.7,57.9,54.4,48.9,2.71,54.4,6.3,76.9,0.526,2121.0,4.68,41.4
Namibia,NAM,2020,high,15.08,3.268,47.9,69.7,80.5,63.4,52.1,51.3,3.29,53.2,6.6,77.1,0.534,2170.0,5.15,39.7
Namibia,NAM,2021,high,15.17,3.015,42.4,71.9,79.8,65.7,55.7,54.7,4.28,56.5,6.4,77.5,0.505,2130.0,4.7,41.7
Namibia,NAM,2022,high,15.01,2.709,37.8,75.6,83.1,71.6,52.7,55.4,6.23,57.7,6.6,78.5,0.516,2231.0,5.56,41.8
Namibia,NAM,2023,high,15.22,2.254,34.5,82.6,86.4,80.5,55.1,57.7,6.1,61.5,7.7,80.4,0.503,2504.0,5.48,43.4
Zambia,ZMB,2010,high,12.91,8.98,59.6,17.2,43.3,16.4,46.2,25.2,0.0,41.2,8.3,71.9,0.581,1562.0,4.93,33.6
Zambia,ZMB,2011,high,13.17,7.854,60.5,24.9,46.1,23.6,47.8,29.9,0.09,43.6,9.7,70.4,0.565,1661.0,4.17,35.7
Zambia,ZMB,2012,high,13.44,7.405,64.3,28.4,50.4,29.1,47.5,29.1,0.1,42.2,8.3,71.6,0.569,1624.0,5.12,35.6
Zambia,ZMB,2013,high,14.01,6.844,61.5,35.7,52.1,30.3,45.7,34.9,0.38,42.2,7.7,74.3,0.552,1765.0,5.35,34.9
Zambia,ZMB,2014,high,14.06,6.485,61.8,42.1,56.8,35.1,47.6,32.4,0.0,46.4,8.1,70.8,0.558,1780.0,4.65,37.1
Zambia,ZMB,2015,high,14.04,6.348,55.3,47.6,58.6,41.8,46.5,38.8,0.0,44.6,7.1,76.2,0.549,1894.0,4.74,38.3
Zambia,ZMB,2016,high,14.11,5.135,61.3,48.1,65.3,44.9,49.6,45.4,1.38,49.8,7.1,74.0,0.549,1874.0,3.54,39.7
Zambia,ZMB,2017,high,14.31,5.019,56.5,54.1,70.4,49.4,53.8,43.1,1.44,49.9,8.3,75.5,0.535,1939.0,4.69,39.7
Zambia,ZMB,2018,high,14.38,4.654,46.8,59.9,68.4,55.5,47.5,45.2,2.32,52.7,7.5,75.6,0.526,1997.0,6.48,40.6
Zambia,ZMB,2019,high,14.5,4.305,41.4,62.8,73.6,59.5,49.6,44.3,3.36,55.2,6.5,76.9,0.54,2208.0,5.23,39.8
Zambia,ZMB,2020,high,14.36,3.573,42.5,67.4,79.6,65.3,53.4,50.9,4.55,57.8,7.4,79.1,0.522,2013.0,4.82,40.4
Zambia,ZMB,2021,high,14.54,3.092,41.0,74.2,79.7,69.0,54.0,53.8,4.4,56.0,6.4,79.7,0.511,2216.0,5.23,41.9
Zambia,ZMB,2022,high,14.38,2.699,36.5,80.5,87.0,72.1,52.8,57.6,5.89,57.5,5.7,80.0,0.515,2036.0,5.74,43.3
Zambia,ZMB,2023,high,14.28,2.231,38.1,84.0,88.0,78.7,57.9,59.8,6.99,60.3,6.6,81.4,0.502,2455.0,4.68,42.7
Mozambique,MOZ,2010,high,12.66,9.637,69.8,25.8,43.3,16.5,43.8,26.7,0.0,41.5,7.2,69.5,0.566,1526.0,5.12,33.6
Mozambique,MOZ,2011,high,13.27,8.883,63.8,27.1,45.2,22.5,46.3,33.7,0.27,44.0,7.8,70.8,0.583,1712.0,4.35,36.4
Mozambique,MOZ,2012,high,13.86,9.043,67.8,28.6,51.8,28.3,46.0,29.6,0.63,39.9,7.6,70.9,0.573,1595.0,4.56,38.0
Mozambique,MOZ,2013,high,14.36,7.548,68.6,38.1,55.0,28.3,48.4,36.6,0.0,44.9,7.5,72.2,0.564,1692.0,5.18,36.0
Mozambique,MOZ,2014,high,14.8,6.894,64.6,44.0,57.7,38.3,48.1,32.9,0.0,48.0,6.7,73.7,0.558,1784.0,5.14,38.4
Mozambique,MOZ,2015,high,15.19,6.822,54.6,45.9,57.7,43.5,48.0,38.4,0.0,49.8,8.8,72.0,0.56,1880.0,4.61,39.6
Mozambique,MOZ,2016,high,15.4,5.699,60.0,51.2,62.7,47.4,49.0,41.5,2.07,49.0,7.3,76.1,0.545,1795.0,4.66,38.7
Mozambique,MOZ,2017,high,15.49,5.9,58.4,52.6,69.6,47.0,48.4,44.7,1.97,53.6,7.8,75.1,0.55,1947.0,4.38,40.6
Mozambique,MOZ,2018,high,15.49,4.915,58.0,61.6,73.7,55.8,54.6,45.7,2.09,52.8,6.8,74.6,0.535,1922.0,4.58,41.6
Mozambique,MOZ,2019,high,15.42,4.62,50.0,68.2,76.0,61.3,53.0,49.9,3.56,54.8,7.9,78.0,0.513,2055.0,4.47,38.9
Mozambique,MOZ,2020,high,15.55,3.916,43.3,66.3,76.9,63.0,55.6,50.5,3.74,57.1,6.5,77.5,0.535,2214.0,3.82,41.1
Mozambique,MOZ,2021,high,15.57,3.447,43.9,72.4,82.8,68.7,57.7,51.1,4.57,54.2,6.1,80.6,0.511,2121.0,4.4,40.9
Mozambique,MOZ,2022,high,15.56,3.282,41.9,74.8,82.9,73.3,55.5,55.8,5.67,58.6,6.4,79.9,0.527,2253.0,4.92,42.6
Mozambique,MOZ,2023,high,15.53,2.731,34.0,80.8,87.9,78.8,56.7,59.4,6.21,61.2,5.9,79.6,0.515,2441.0,5.01,42.1
Malawi,MWI,2010,high,11.21,6.315,47.4,24.4,41.8,19.9,45.8,26.3,0.0,44.8,7.7,70.1,0.579,1657.0,3.66,35.9
Malawi,MWI,2011,high,11.64,7.467,57.1,24.6,44.9,22.6,48.9,25.2,0.0,42.1,9.0,71.0,0.591,1667.0,5.24,35.4
Malawi,MWI,2012,high,11.95,5.788,45.0,35.3,51.7,27.9,47.0,31.6,0.0,44.7,7.4,71.0,0.565,1690.0,3.47,37.0
Malawi,MWI,2013,high,12.01,5.255,58.0,33.6,54.0,33.7,46.4,33.7,0.0,41.1,8.2,71.9,0.56,1738.0,5.06,37.2
Malawi,MWI,2014,high,11.91,5.277,51.6,42.2,52.8,38.4,48.3,39.1,0.23,47.5,7.6,73.8,0.551,1842.0,5.31,36.9
Malawi,MWI,2015,high,12.25,5.358,45.0,45.0,55.7,43.0,48.5,37.9,0.0,49.5,8.1,75.8,0.548,1940.0,3.99,39.1
Malawi,MWI,2016,high,12.22,3.589,52.8,48.2,62.9,47.1,49.5,38.6,1.14,49.8,6.9,75.7,0.528,1978.0,4.19,40.6
Malawi,MWI,2017,high,12.04,3.706,41.3,51.2,66.6,50.7,50.6,44.3,0.96,50.8,6.9,72.0,0.531,1864.0,4.96,39.2
Malawi,MWI,2018,high,12.27,3.936,36.1,57.6,70.5,57.0,53.3,44.1,2.28,49.9,6.4,72.6,0.538,2051.0,3.85,40.6
Malawi,MWI,2019,high,12.19,3.003,45.1,66.2,69.0,59.7,52.3,51.3,2.79,56.7,7.5,80.5,0.53,2189.0,4.44,40.2
Malawi,MWI,2020,high,12.08,2.877,35.3,69.1,76.4,64.4,52.0,51.5,3.53,55.0,6.7,78.9,0.525,1941.0,5.77,40.8
Malawi,MWI,2021,high,12.02,2.159,29.8,74.9,84.7,68.8,51.9,53.4,5.04,55.5,6.4,79.7,0.502,2401.0,6.64,42.4
Malawi,MWI,2022,high,11.9,2.0,31.5,76.7,87.5,73.8,54.9,58.8,4.93,58.0,6.0,79.9,0.519,2234.0,5.22,43.8
Malawi,MWI,2023,high,12.12,2.235,28.3,82.7,86.9,77.2,56.3,56.1,6.23,61.9,7.0,77.7,0.508,2258.0,5.72,42.0
Uganda,UGA,2010,high,7.51,5.474,37.3,22.4,43.3,19.9,41.5,27.2,0.58,44.4,8.3,66.9,0.571,1651.0,5.19,34.7
Uganda,UGA,2011,high,8.13,5.123,38.1,23.3,51.6,20.9,41.9,27.6,0.28,37.9,7.4,68.9,0.555,1761.0,5.01,37.0
Uganda,UGA,2012,high,8.34,5.327,36.2,36.5,49.8,29.1,47.8,30.3,0.0,40.7,8.5,70.1,0.575,1784.0,4.22,34.8
Uganda,UGA,2013,high,8.38,4.618,35.3,35.6,53.9,31.7,46.7,31.5,0.0,44.0,7.6,74.1,0.556,1810.0,4.18,36.3
Uganda,UGA,2014,high,8.63,4.095,34.7,42.9,53.2,35.6,48.3,31.9,0.02,47.6,7.2,72.6,0.548,1820.0,4.76,37.5
Uganda,UGA,2015,high,8.78,3.842,39.7,46.5,59.7,36.7,47.1,39.1,0.0,49.0,7.6,75.0,0.551,1885.0,3.99,38.0
Uganda,UGA,2016,high,8.77,3.374,34.4,52.7,62.0,46.8,51.4,40.6,0.65,51.7,7.0,75.2,0.529,1926.0,5.39,38.6
Uganda,UGA,2017,high,8.76,3.212,33.4,52.8,67.5,48.9,54.0,42.4,1.54,54.1,7.1,74.6,0.534,1920.0,3.56,39.2
Uganda,UGA,2018,high,8.93,2.856,28.3,59.1,72.6,57.7,49.1,45.6,2.32,53.9,7.0,77.3,0.535,2041.0,4.51,40.7
Uganda,UGA,2019,high,9.23,2.431,28.4,64.4,76.5,60.9,53.2,44.7,3.03,53.0,7.5,71.8,0.523,2031.0,3.46,40.9
Uganda,UGA,2020,high,8.79,1.934,27.7,69.6,77.3,67.1,56.7,52.4,3.64,56.9,7.1,80.9,0.497,2120.0,4.21,40.7
Uganda,UGA,2021,high,8.84,1.912,29.6,72.7,81.3,68.0,57.0,55.9,5.14,55.2,6.9,78.8,0.505,2225.0,5.71,41.8
Uganda,UGA,2022,high,8.8,1.864,25.9,73.9,83.7,72.2,53.0,55.4,5.85,61.0,7.7,82.6,0.511,2255.0,5.09,41.6
Uganda,UGA,2023,high,8.95,1.411,20.4,84.8,87.2,81.5,57.9,58.4,6.74,57.0,7.3,82.3,0.512,2284.0,3.43,42.4
Kenya,KEN,2010,high,6.46,4.436,29.2,24.3,44.0,22.4,46.9,29.6,0.56,41.5,8.1,67.3,0.584,1449.0,4.23,36.1
Kenya,KEN,2011,high,6.54,4.525,31.6,31.2,46.9,20.3,48.5,25.2,0.0,40.6,8.2,68.9,0.583,1632.0,4.49,36.6
Kenya,KEN,2012,high,6.89,3.886,28.5,29.3,45.8,29.1,45.5,30.5,0.01,45.5,7.9,72.7,0.567,1688.0,5.31,36.1
Kenya,KEN,2013,high,6.97,3.691,31.8,33.3,50.9,29.4,46.0,32.8,0.0,43.1,6.9,70.6,0.57,1760.0,4.55,38.8
Kenya,KEN,2014,high,7.07,3.555,31.1,44.2,54.3,38.3,49.6,32.4,0.35,40.9,8.4,74.3,0.55,1693.0,4.59,37.9
Kenya,KEN,2015,high,7.27,2.872,25.2,44.7,59.6,42.8,49.0,34.5,0.38,48.9,6.7,73.0,0.56,1927.0,4.62,37.5
Kenya,KEN,2016,high,7.51,3.237,26.8,45.7,65.1,44.3,51.5,40.0,0.52,48.8,7.8,79.0,0.547,1762.0,4.7,39.9
Kenya,KEN,2017,high,7.39,2.482,25.6,53.4,66.3,51.0,52.5,40.6,0.3,53.9,7.7,74.9,0.555,2100.0,4.64,39.0
Kenya,KEN,2018,high,7.4,2.042,24.4,55.9,68.2,56.2,52.9,46.5,2.55,54.7,7.4,77.7,0.534,2068.0,5.21,39.6
Kenya,KEN,2019,high,7.56,1.999,25.8,62.0,75.8,61.3,47.3,47.4,3.43,54.3,7.0,78.6,0.539,1970.0,4.44,40.4
Kenya,KEN,2020,high,7.53,1.915,24.1,64.2,81.7,61.6,55.4,49.8,5.01,59.0,6.5,78.1,0.524,2201.0,4.67,41.2
Kenya,KEN,2021,high,7.41,1.482,20.3,67.8,83.3,68.9,53.5,56.5,5.38,57.2,5.8,75.2,0.514,2193.0,5.44,40.1
Kenya,KEN,2022,high,7.36,1.494,19.2,77.5,86.4,72.6,56.8,56.6,5.89,58.4,7.4,82.3,0.499,2212.0,5.27,41.2
Kenya,KEN,2023,high,7.36,1.136,17.3,79.3,89.6,76.6,54.0,56.6,6.89,66.0,6.1,80.7,0.499,2257.0,4.66,43.8
Tanzania,TZA,2010,high,6.04,3.774,31.6,24.5,42.2,19.3,42.8,27.6,0.0,39.2,7.6,69.5,0.561,1596.0,4.79,35.1
Tanzania,TZA,2011,high,6.25,3.772,31.7,26.3,44.0,22.4,45.6,26.0,0.12,38.5,6.9,69.0,0.566,1796.0,4.51,35.3
Tanzania,TZA,2012,high,6.36,3.48,27.5,32.0,50.5,29.1,46.8,29.7,0.33,40.8,7.6,70.5,0.571,1678.0,4.05,37.3
Tanzania,TZA,2013,high,6.57,3.36,26.9,32.6,54.5,28.6,47.8,32.1,0.0,45.3,7.8,73.8,0.572,1762.0,4.39,35.6
Tanzania,TZA,2014,high,6.76,3.044,29.1,40.0,53.8,38.4,46.3,37.7,0.0,48.4,8.1,72.3,0.556,1901.0,4.75,37.1
Tanzania,TZA,2015,high,6.79,2.801,30.3,45.7,61.9,39.4,50.4,39.8,0.85,50.7,6.7,74.6,0.575,2010.0,5.16,37.4
Tanzania,TZA,2016,high,6.88,2.904,28.1,47.9,65.1,43.3,46.5,39.3,0.03,52.1,7.4,75.1,0.552,1934.0,3.68,38.4
Tanzania,TZA,2017,high,6.84,1.95,22.7,56.7,68.2,53.2,53.3,41.3,1.35,53.4,7.0,77.1,0.51,2053.0,4.84,37.1
Tanzania,TZA,2018,high,6.63,1.908,20.7,56.6,73.0,55.4,55.7,47.9,2.84,55.9,7.4,76.5,0.548,2020.0,4.88,38.3
Tanzania,TZA,2019,high,6.54,1.716,18.9,63.6,73.7,60.7,52.7,47.3,3.77,54.5,7.0,78.0,0.513,1785.0,4.02,39.5
Tanzania,TZA,2020,high,6.54,1.61,24.2,68.1,76.9,61.6,53.7,47.4,3.65,51.0,6.4,79.5,0.521,2028.0,5.24,41.3
Tanzania,TZA,2021,high,6.67,1.423,17.0,73.8,81.7,71.2,55.4,53.7,5.02,56.2,7.3,80.0,0.531,1914.0,5.54,40.6
Tanzania,TZA,2022,high,6.55,1.243,19.0,76.9,83.6,72.3,56.1,55.0,5.77,61.3,6.5,79.6,0.502,2244.0,6.09,42.1
Tanzania,TZA,2023,high,6.51,1.076,17.8,81.3,90.3,77.4,55.2,62.8,6.58,63.3,6.8,77.6,0.508,2347.0,5.93,42.3
Cameroon,CMR,2010,moderate,4.69,2.623,23.4,18.7,36.5,15.9,41.0,42.6,0.77,35.7,6.9,63.8,0.638,2243.0,4.14,44.7
Cameroon,CMR,2011,moderate,4.78,2.772,24.2,26.8,42.9,24.4,39.9,45.4,0.0,37.4,7.3,58.1,0.616,2064.0,4.15,45.5
Cameroon,CMR,2012,moderate,4.9,2.149,23.3,29.6,40.7,25.8,44.2,44.7,0.0,38.0,4.9,61.0,0.617,2234.0,5.0,45.1
Cameroon,CMR,2013,moderate,4.94,2.562,17.6,32.9,50.6,28.8,44.4,46.0,0.16,38.7,6.0,61.5,0.592,2344.0,5.96,46.8
Cameroon,CMR,2014,moderate,5.01,2.049,21.5,31.3,54.2,35.1,43.5,49.5,0.0,40.4,6.2,63.4,0.602,2681.0,4.99,47.1
Cameroon,CMR,2015,moderate,4.99,1.915,22.4,38.2,55.4,38.9,45.7,47.0,0.03,41.1,4.6,63.0,0.591,2363.0,5.32,48.3
Cameroon,CMR,2016,moderate,4.93,1.816,21.5,42.2,58.9,43.2,46.7,50.2,0.75,49.3,4.9,62.7,0.584,2607.0,4.9,48.7
Cameroon,CMR,2017,moderate,4.87,1.637,19.3,45.6,62.4,51.5,46.9,47.7,1.79,49.0,5.4,66.3,0.579,2640.0,4.66,50.5
Cameroon,CMR,2018,moderate,4.57,1.459,15.7,52.8,67.5,51.9,45.9,46.9,2.83,50.3,5.1,64.3,0.571,2764.0,4.89,48.6
Cameroon,CMR,2019,moderate,4.58,1.373,15.2,53.2,71.0,58.2,47.8,45.7,3.82,51.8,4.3,68.0,0.553,2749.0,5.56,51.3
Cameroon,CMR,2020,moderate,5.02,1.317,15.9,57.8,72.5,57.4,52.4,46.7,3.14,50.5,4.6,67.9,0.55,3022.0,5.27,49.9
Cameroon,CMR,2021,moderate,4.98,1.003,12.6,58.6,78.1,68.1,52.3,49.5,4.52,50.0,4.9,68.7,0.549,2918.0,5.03,52.4
Cameroon,CMR,2022,moderate,4.91,1.041,14.1,67.3,80.3,70.5,51.4,50.7,5.77,56.8,4.2,68.8,0.54,3027.0,4.32,53.4
Cameroon,CMR,2023,moderate,4.78,0.82,13.2,70.0,80.8,76.7,53.8,55.4,6.14,57.7,3.9,69.0,0.531,3148.0,5.7,54.5
Gabon,GAB,2010,moderate,4.12,2.386,20.2,23.6,35.5,13.3,42.6,42.2,0.0,38.8,5.0,59.8,0.626,2216.0,3.27,44.5
Gabon,GAB,2011,moderate,4.25,2.482,24.5,23.6,41.7,19.2,42.2,46.7,0.0,36.7,6.7,59.9,0.599,2246.0,4.94,43.2
Gabon,GAB,2012,moderate,4.24,2.006,18.5,27.8,45.8,23.9,41.9,43.3,0.55,39.1,5.5,60.4,0.595,2447.0,4.8,46.2
Gabon,GAB,2013,moderate,4.38,2.282,19.8,29.0,47.1,29.2,46.0,45.9,0.31,38.9,6.8,64.7,0.601,2384.0,4.39,48.4
Gabon,GAB,2014,moderate,4.49,1.882,22.5,37.7,51.1,32.1,45.0,45.3,0.0,40.6,5.3,62.4,0.597,2604.0,4.6,46.6
Gabon,GAB,2015,moderate,4.33,1.765,18.3,35.7,57.7,39.1,45.0,44.5,0.0,41.6,5.8,65.9,0.597,2368.0,4.27,48.9
Gabon,GAB,2016,moderate,4.51,1.721,16.8,44.2,56.9,43.6,44.1,45.4,0.34,45.6,6.1,66.1,0.619,2709.0,5.73,48.3
Gabon,GAB,2017,moderate,4.52,1.279,17.0,45.0,60.0,48.8,44.7,47.3,1.28,44.2,4.4,66.5,0.567,2757.0,4.9,48.7
Gabon,GAB,2018,moderate,4.52,1.397,16.9,49.6,68.5,54.4,44.9,51.0,1.84,46.6,5.4,67.2,0.573,2799.0,4.53,51.0
Gabon,GAB,2019,moderate,4.65,1.245,14.0,54.1,74.1,59.4,45.9,48.8,3.53,51.6,5.0,65.6,0.568,2825.0,5.96,51.0
Gabon,GAB,2020,moderate,4.55,1.02,13.8,57.0,75.0,64.0,48.0,49.4,3.99,50.0,4.6,67.6,0.565,3074.0,5.6,50.8
Gabon,GAB,2021,moderate,4.45,1.042,13.0,62.5,77.0,64.7,50.1,49.4,4.21,54.3,3.8,67.4,0.569,3027.0,5.87,50.5
Gabon,GAB,2022,moderate,4.22,0.903,11.2,66.4,82.8,73.8,48.2,48.5,5.13,53.2,5.1,71.1,0.536,3123.0,4.82,54.1
Gabon,GAB,2023,moderate,4.11,0.853,10.1,67.0,84.8,75.6,51.6,54.3,7.16,53.4,5.8,70.5,0.525,3160.0,4.87,53.4
Rwanda,RWA,2010,moderate,3.23,1.558,17.1,16.6,38.8,9.9,41.8,48.6,0.31,35.4,6.2,61.8,0.619,2398.0,3.66,47.3
Rwanda,RWA,2011,moderate,3.18,1.539,18.5,25.9,41.3,19.7,39.2,42.6,0.0,36.9,5.2,63.2,0.62,2300.0,4.59,46.0
Rwanda,RWA,2012,moderate,3.34,1.391,15.1,24.8,46.0,27.8,42.1,44.7,0.28,39.0,5.2,59.8,0.595,2457.0,4.81,48.3
Rwanda,RWA,2013,moderate,3.33,1.363,16.7,27.4,48.6,29.4,41.4,44.9,0.51,39.3,4.6,59.9,0.612,2349.0,4.72,47.4
Rwanda,RWA,2014,moderate,3.48,1.364,16.6,35.5,53.5,37.3,40.6,47.1,0.09,41.3,6.0,62.7,0.582,2632.0,3.88,47.3
Rwanda,RWA,2015,moderate,3.41,1.135,15.8,37.9,53.7,37.6,42.3,46.5,0.0,46.5,5.7,64.3,0.598,2380.0,4.07,46.5
Rwanda,RWA,2016,moderate,3.35,1.004,14.5,40.2,61.0,44.6,45.0,44.5,1.22,48.4,5.8,64.8,0.574,2592.0,4.99,47.8
Rwanda,RWA,2017,moderate,3.13,1.012,12.5,46.1,65.3,47.7,46.4,51.7,1.58,44.6,5.8,65.4,0.585,2877.0,4.88,48.5
Rwanda,RWA,2018,moderate,3.29,0.897,11.7,47.9,65.6,52.3,46.7,50.2,2.21,50.2,4.3,65.2,0.576,2943.0,5.17,49.6
Rwanda,RWA,2019,moderate,3.26,0.849,13.1,55.6,68.1,57.3,45.9,46.4,3.07,49.9,5.4,69.9,0.565,2836.0,4.86,52.1
Rwanda,RWA,2020,moderate,3.33,0.8,10.2,53.5,78.4,59.9,50.6,49.4,4.46,51.2,5.6,67.7,0.571,3001.0,5.92,49.5
Rwanda,RWA,2021,moderate,3.0,0.566,8.4,61.6,76.6,68.0,52.5,47.7,5.04,55.8,3.7,66.5,0.564,3211.0,4.24,52.3
Rwanda,RWA,2022,moderate,2.92,0.523,8.5,63.7,78.0,71.3,52.6,50.4,5.47,53.9,4.4,71.2,0.558,3076.0,5.78,51.9
Rwanda,RWA,2023,moderate,2.63,0.538,7.9,71.3,83.9,75.8,52.7,48.1,6.29,56.6,4.9,69.3,0.54,3432.0,5.85,52.3
Cote d'Ivoire,CIV,2010,moderate,3.58,1.735,20.0,24.9,41.8,17.5,38.9,43.3,0.42,34.9,5.8,61.6,0.617,2250.0,3.49,45.3
Cote d'Ivoire,CIV,2011,moderate,3.69,1.88,17.9,24.5,41.6,19.5,42.6,44.4,0.0,34.6,5.2,60.4,0.617,2345.0,5.31,45.7
Cote d'Ivoire,CIV,2012,moderate,3.76,1.739,17.2,25.2,44.4,25.4,38.7,44.9,0.05,41.5,6.2,62.7,0.614,2140.0,4.3,45.2
Cote d'Ivoire,CIV,2013,moderate,3.72,1.628,20.7,30.8,47.3,30.2,44.0,43.6,0.0,42.1,5.2,64.0,0.602,2262.0,5.42,45.4
Cote d'Ivoire,CIV,2014,moderate,3.83,1.281,17.5,36.0,52.7,35.8,48.9,46.9,0.0,40.5,5.7,65.4,0.599,2562.0,4.91,46.1
Cote d'Ivoire,CIV,2015,moderate,3.96,1.421,14.5,37.5,54.4,40.8,44.6,48.7,0.0,43.8,5.6,62.0,0.613,2652.0,4.25,48.2
Cote d'Ivoire,CIV,2016,moderate,3.93,1.273,14.7,43.7,58.5,43.1,44.1,48.7,0.01,45.8,5.9,65.3,0.583,2627.0,3.93,47.9
Cote d'Ivoire,CIV,2017,moderate,3.96,1.302,16.0,46.3,63.0,49.6,44.4,48.8,0.82,46.1,6.2,66.8,0.597,2652.0,4.83,49.7
Cote d'Ivoire,CIV,2018,moderate,3.87,1.254,14.3,52.2,64.9,48.8,47.1,49.7,1.99,48.1,5.3,66.8,0.562,2654.0,5.25,51.8
Cote d'Ivoire,CIV,2019,moderate,3.83,1.096,12.9,51.4,72.1,55.0,51.0,48.3,2.48,51.4,5.6,67.9,0.558,2868.0,5.24,48.5
Cote d'Ivoire,CIV,2020,moderate,3.84,0.914,12.1,56.9,72.5,58.7,50.4,49.3,4.49,45.3,4.8,68.0,0.549,2766.0,5.07,51.8
Cote d'Ivoire,CIV,2021,moderate,3.97,0.824,11.5,59.5,76.6,65.9,47.7,48.8,5.26,51.9,4.8,69.9,0.564,3034.0,5.19,52.2
Cote d'Ivoire,CIV,2022,moderate,4.07,0.763,11.3,65.6,78.5,71.0,48.0,50.7,4.97,55.7,5.1,70.9,0.542,3446.0,5.24,51.6
Cote d'Ivoire,CIV,2023,moderate,4.21,0.762,10.8,69.9,85.0,72.9,51.8,47.8,5.73,49.7,5.2,72.1,0.545,3268.0,5.42,53.6
Nigeria,NGA,2010,moderate,1.67,1.193,8.4,17.8,37.9,15.4,38.1,43.1,0.0,37.5,6.3,58.7,0.609,2153.0,5.09,45.9
Nigeria,NGA,2011,moderate,1.82,1.079,8.2,21.1,45.8,20.5,40.1,43.7,0.45,40.5,5.6,62.5,0.594,2121.0,4.39,45.1
Nigeria,NGA,2012,moderate,1.88,0.97,7.9,27.6,45.4,26.5,42.5,47.5,0.0,37.6,5.4,60.3,0.598,2150.0,3.95,46.2
Nigeria,NGA,2013,moderate,1.73,1.137,8.9,33.0,47.2,27.3,46.7,48.2,0.0,39.9,6.5,62.3,0.603,2506.0,4.73,48.9
Nigeria,NGA,2014,moderate,1.76,0.923,7.6,33.8,53.6,33.6,47.2,47.5,0.0,42.1,5.3,64.2,0.57,2414.0,3.59,48.0
Nigeria,NGA,2015,moderate,1.82,0.884,6.5,41.7,58.0,40.9,43.3,45.2,0.0,44.1,5.4,64.4,0.582,2440.0,6.24,48.3
Nigeria,NGA,2016,moderate,1.64,0.702,7.3,43.5,57.0,45.2,45.4,44.5,0.72,45.9,4.9,63.1,0.596,2712.0,5.33,49.8
Nigeria,NGA,2017,moderate,1.67,0.744,5.8,47.9,62.8,47.9,50.0,48.2,0.85,46.2,5.4,65.0,0.576,2749.0,5.03,48.9
Nigeria,NGA,2018,moderate,1.65,0.657,6.4,50.9,66.6,52.9,45.5,53.4,2.45,45.9,5.4,66.1,0.569,2916.0,4.85,49.1
Nigeria,NGA,2019,moderate,1.68,0.541,6.7,53.3,72.0,53.8,47.2,47.2,3.19,50.6,3.4,65.6,0.554,2788.0,6.01,50.0
Nigeria,NGA,2020,moderate,1.65,0.597,5.2,58.7,72.8,62.4,47.5,50.3,4.25,52.3,5.7,68.9,0.554,2997.0,4.71,51.7
Nigeria,NGA,2021,moderate,1.5,0.516,4.4,59.2,78.5,64.2,48.4,50.0,4.61,54.2,4.5,69.1,0.557,2838.0,5.13,50.0
Nigeria,NGA,2022,moderate,1.42,0.46,4.2,64.5,79.2,72.9,50.8,48.4,6.15,54.7,6.2,69.9,0.544,3031.0,5.33,52.9
Nigeria,NGA,2023,moderate,1.69,0.363,2.8,69.8,84.1,75.9,51.8,50.7,6.91,56.2,4.0,70.6,0.532,3306.0,5.58,52.7
Ghana,GHA,2010,moderate,1.91,1.052,10.2,19.5,41.7,14.8,40.2,46.4,0.38,35.9,5.7,59.6,0.594,2334.0,5.05,44.7
Ghana,GHA,2011,moderate,1.73,1.087,9.5,24.0,40.3,19.6,40.4,44.4,0.46,39.4,6.0,60.1,0.617,2329.0,3.8,44.7
Ghana,GHA,2012,moderate,1.83,0.827,7.3,29.4,42.7,28.6,45.1,46.0,0.0,34.7,5.4,61.2,0.625,2373.0,4.25,45.3
Ghana,GHA,2013,moderate,1.71,0.934,8.2,29.3,49.2,30.7,43.2,43.6,0.0,39.3,5.7,61.6,0.6,2539.0,4.46,47.5
Ghana,GHA,2014,moderate,2.15,0.826,7.1,33.3,53.6,36.6,43.6,44.3,0.01,40.9,5.7,63.7,0.577,2506.0,5.42,47.5
Ghana,GHA,2015,moderate,2.15,0.676,9.4,39.8,51.8,35.2,44.3,48.3,0.02,43.2,4.6,64.3,0.595,2458.0,4.81,48.7
Ghana,GHA,2016,moderate,2.04,0.701,9.2,44.3,58.6,42.7,47.5,51.2,2.02,44.9,5.8,67.3,0.567,2533.0,5.26,48.5
Ghana,GHA,2017,moderate,1.94,0.655,7.8,48.3,62.5,47.4,45.9,47.2,1.62,45.8,5.6,64.9,0.564,2536.0,6.07,48.7
Ghana,GHA,2018,moderate,2.1,0.54,8.2,49.4,67.6,50.7,48.0,50.0,1.47,47.4,4.3,68.9,0.574,3029.0,3.89,50.1
Ghana,GHA,2019,moderate,1.92,0.57,7.3,53.9,70.8,57.0,45.8,47.8,3.53,51.4,5.0,65.7,0.554,2708.0,4.84,50.3
Ghana,GHA,2020,moderate,2.07,0.467,6.2,58.0,73.8,63.3,49.4,50.3,4.45,48.1,5.3,67.4,0.557,2714.0,5.33,51.3
Ghana,GHA,2021,moderate,1.99,0.488,5.9,62.7,79.4,63.2,50.9,51.6,5.34,53.7,4.5,69.0,0.549,3133.0,5.74,51.5
Ghana,GHA,2022,moderate,1.84,0.384,5.2,66.9,77.5,73.6,50.2,49.6,4.87,54.4,5.2,65.2,0.533,3009.0,5.67,51.7
Ghana,GHA,2023,moderate,1.95,0.356,4.2,69.9,82.2,74.3,51.0,51.4,6.5,55.0,4.6,66.2,0.555,3400.0,5.18,53.5
Angola,AGO,2010,moderate,2.06,1.699,11.3,23.1,39.2,18.4,42.8,45.9,0.0,35.0,6.3,62.2,0.637,2297.0,5.24,46.4
Angola,AGO,2011,moderate,2.23,1.695,11.4,24.7,39.0,19.0,39.0,47.7,0.0,34.2,5.4,61.6,0.606,2077.0,5.6,44.9
Angola,AGO,2012,moderate,2.15,1.414,11.5,28.1,41.8,28.9,44.6,45.5,0.0,36.7,5.7,62.3,0.624,2232.0,3.51,46.0
Angola,AGO,2013,moderate,2.14,1.569,8.9,36.4,50.8,27.6,41.9,45.4,0.0,38.5,5.8,64.5,0.573,2308.0,5.46,48.2
Angola,AGO,2014,moderate,2.0,1.351,9.7,36.1,48.8,36.1,46.6,48.8,0.0,39.6,6.3,62.7,0.591,2485.0,4.0,45.9
Angola,AGO,2015,moderate,1.96,1.16,7.8,36.2,59.5,41.9,42.6,47.3,0.31,38.3,6.0,65.8,0.596,2721.0,4.62,45.9
Angola,AGO,2016,moderate,2.18,1.147,7.8,40.8,62.9,44.4,48.7,48.9,0.66,45.0,6.3,61.0,0.582,2630.0,4.96,46.0
Angola,AGO,2017,moderate,2.5,1.221,9.0,47.2,65.9,47.5,43.7,45.6,1.82,46.3,5.9,65.5,0.585,2987.0,4.51,49.5
Angola,AGO,2018,moderate,2.59,0.975,10.2,54.6,69.6,53.0,46.1,48.8,2.67,46.0,5.0,68.2,0.57,2791.0,4.26,49.9
Angola,AGO,2019,moderate,2.48,0.98,8.9,56.6,72.9,54.7,47.5,51.0,3.08,49.6,5.2,67.3,0.57,2815.0,4.85,49.8
Angola,AGO,2020,moderate,2.42,0.724,8.0,58.0,74.1,62.1,47.9,46.3,4.0,52.0,3.9,67.6,0.554,2907.0,5.43,51.7
Angola,AGO,2021,moderate,2.24,0.765,7.8,59.4,77.7,62.6,50.2,49.3,5.3,50.0,4.2,70.3,0.559,2697.0,6.13,50.6
Angola,AGO,2022,moderate,2.56,0.694,6.1,63.7,82.7,70.4,50.3,49.5,5.31,55.8,4.8,69.1,0.547,3336.0,5.54,53.5
Angola,AGO,2023,moderate,2.51,0.557,6.6,69.8,87.0,79.7,54.0,51.4,6.36,55.4,5.4,68.7,0.562,3098.0,4.58,49.7
DR Congo,COD,2010,low,1.34,0.785,6.0,17.3,32.3,14.8,34.9,59.6,0.0,29.1,4.9,44.5,0.66,902.0,4.58,29.0
DR Congo,COD,2011,low,1.32,0.778,7.2,19.1,37.2,24.0,40.0,58.5,0.17,33.9,4.7,45.2,0.664,919.0,4.84,32.1
DR Congo,COD,2012,low,1.5,0.656,5.2,24.7,43.9,24.4,37.5,63.2,0.62,31.0,3.8,48.7,0.657,968.0,5.05,30.6
DR Congo,COD,2013,low,1.45,0.681,6.9,26.3,45.6,27.3,39.3,64.6,0.0,37.6,4.9,48.7,0.655,1113.0,4.34,31.7
DR Congo,COD,2014,low,1.52,0.583,6.3,29.6,49.8,30.7,39.4,61.0,0.01,34.5,5.1,48.3,0.635,1054.0,5.62,31.7
DR Congo,COD,2015,low,1.65,0.47,6.8,33.1,53.1,37.0,42.0,60.7,0.17,40.4,3.6,50.0,0.621,1062.0,5.46,33.2
DR Congo,COD,2016,low,1.69,0.521,7.3,37.9,56.0,43.4,38.1,63.0,0.78,35.1,4.2,49.5,0.617,1095.0,5.47,34.6
DR Congo,COD,2017,low,2.01,0.477,6.5,40.2,57.9,48.7,40.5,65.4,2.45,39.5,5.1,51.2,0.615,1109.0,6.17,35.1
DR Congo,COD,2018,low,1.98,0.472,6.2,43.6,65.2,51.9,40.7,61.4,2.99,44.5,4.6,54.9,0.609,1177.0,5.7,34.0
DR Congo,COD,2019,low,1.99,0.366,7.0,50.7,69.4,56.7,43.2,62.2,2.57,46.7,4.0,49.6,0.596,1112.0,4.53,35.7
DR Congo,COD,2020,low,1.78,0.416,7.4,48.3,69.3,57.1,43.4,63.4,4.16,46.2,5.1,52.5,0.604,1204.0,5.36,35.9
DR Congo,COD,2021,low,1.86,0.351,5.1,47.4,77.8,66.2,46.5,62.7,4.35,45.1,4.9,55.1,0.592,1182.0,5.39,35.1
DR Congo,COD,2022,low,1.91,0.294,4.5,53.4,77.1,71.1,46.0,61.0,6.59,50.1,4.3,53.3,0.6,1465.0,4.86,39.2
DR Congo,COD,2023,low,1.69,0.261,4.9,56.4,80.6,75.8,48.1,65.0,6.04,50.0,3.3,54.3,0.594,1363.0,4.84,37.4
Ethiopia,ETH,2010,low,1.11,0.597,5.5,18.5,33.8,18.8,39.4,58.4,0.84,28.9,5.9,47.8,0.674,892.0,3.41,30.3
Ethiopia,ETH,2011,low,1.05,0.566,5.1,20.9,41.4,18.5,34.5,60.6,0.0,33.3,4.9,45.2,0.642,891.0,4.29,29.4
Ethiopia,ETH,2012,low,1.27,0.531,5.2,23.1,40.6,22.0,38.8,60.8,0.0,30.4,5.1,43.2,0.653,958.0,4.69,32.3
Ethiopia,ETH,2013,low,1.23,0.562,6.6,24.5,43.8,26.6,37.8,65.9,0.11,32.2,4.6,47.9,0.656,1010.0,3.73,31.5
Ethiopia,ETH,2014,low,1.44,0.489,5.6,33.1,51.1,35.4,41.2,60.2,0.56,34.2,4.9,49.0,0.634,1023.0,4.72,32.4
Ethiopia,ETH,2015,low,1.43,0.403,5.4,32.9,52.5,38.9,40.7,60.5,0.01,40.9,5.3,48.4,0.623,1015.0,3.62,33.2
Ethiopia,ETH,2016,low,1.55,0.433,6.3,38.8,57.6,43.9,40.6,62.8,0.95,38.7,4.6,49.4,0.629,1061.0,4.78,34.5
Ethiopia,ETH,2017,low,1.29,0.357,6.3,38.8,60.9,47.4,41.3,65.5,1.73,38.4,4.0,50.5,0.633,1107.0,4.58,35.2
Ethiopia,ETH,2018,low,1.39,0.388,4.7,41.5,61.2,46.2,45.2,62.6,2.77,46.9,4.9,52.3,0.622,1173.0,4.18,34.6
Ethiopia,ETH,2019,low,1.42,0.287,5.2,43.9,68.9,54.0,42.5,64.5,3.44,41.7,3.3,51.9,0.605,1216.0,5.03,37.2
Ethiopia,ETH,2020,low,1.32,0.292,5.2,49.5,70.6,57.2,43.7,66.0,4.6,43.2,3.4,54.5,0.606,1291.0,4.77,36.3
Ethiopia,ETH,2021,low,1.27,0.247,4.4,50.8,72.7,67.0,45.2,63.9,4.63,44.7,5.1,54.0,0.597,1314.0,5.34,36.1
Ethiopia,ETH,2022,low,1.12,0.186,3.5,56.3,77.1,72.0,41.2,61.7,5.42,52.9,3.2,53.6,0.576,1349.0,6.83,37.0
Ethiopia,ETH,2023,low,1.43,0.208,3.1,53.9,82.2,70.7,43.9,67.6,6.78,52.2,3.3,55.4,0.591,1377.0,5.87,36.5
Burkina Faso,BFA,2010,low,1.03,0.53,4.5,16.7,36.4,15.0,33.1,59.5,0.38,30.5,5.1,43.0,0.673,864.0,4.27,30.2
Burkina Faso,BFA,2011,low,0.97,0.477,4.5,18.4,37.2,20.2,37.6,60.7,0.19,32.0,4.6,45.0,0.657,958.0,4.83,29.7
Burkina Faso,BFA,2012,low,0.72,0.428,4.8,24.8,41.7,22.9,36.3,58.7,0.23,34.1,5.1,46.5,0.661,1009.0,4.49,31.2
Burkina Faso,BFA,2013,low,0.93,0.38,3.0,30.2,46.1,30.3,38.2,62.8,0.52,36.1,4.2,47.2,0.646,843.0,4.45,32.1
Burkina Faso,BFA,2014,low,0.92,0.446,4.0,32.7,47.5,36.4,36.6,56.5,0.04,36.6,4.6,47.4,0.644,1010.0,4.43,33.5
Burkina Faso,BFA,2015,low,0.79,0.378,3.7,32.5,52.4,39.1,41.6,59.1,0.51,35.0,4.5,50.8,0.632,1082.0,4.06,31.5
Burkina Faso,BFA,2016,low,0.57,0.334,3.4,34.3,56.4,42.8,38.3,59.1,0.99,38.1,4.3,49.9,0.621,1090.0,5.2,33.3
Burkina Faso,BFA,2017,low,0.82,0.286,1.9,36.8,58.4,48.8,42.2,62.8,1.41,43.5,3.8,52.2,0.607,1110.0,5.75,33.9
Burkina Faso,BFA,2018,low,1.12,0.288,3.5,43.7,64.7,52.8,44.6,64.7,2.68,41.2,4.4,51.7,0.616,1099.0,5.29,34.3
Burkina Faso,BFA,2019,low,1.08,0.253,4.2,47.0,68.3,55.9,40.5,65.1,2.9,48.0,3.8,50.5,0.603,1181.0,5.16,37.1
Burkina Faso,BFA,2020,low,0.82,0.212,3.1,51.1,69.7,61.0,44.0,64.6,4.37,43.5,4.4,52.1,0.593,1294.0,4.62,34.9
Burkina Faso,BFA,2021,low,0.94,0.203,2.4,52.4,75.5,64.5,42.6,65.0,5.34,48.8,3.8,57.1,0.592,1190.0,5.76,36.5
Burkina Faso,BFA,2022,low,0.66,0.206,2.4,51.6,79.7,72.5,45.6,65.3,5.91,48.4,4.9,51.9,0.582,1232.0,6.19,37.8
Burkina Faso,BFA,2023,low,0.9,0.174,1.9,56.0,82.0,72.0,51.7,62.7,6.47,51.0,3.7,55.6,0.591,1368.0,4.33,37.7
Senegal,SEN,2010,low,0.65,0.295,2.5,19.3,35.5,18.8,35.9,61.8,0.3,31.3,4.3,46.0,0.668,843.0,4.21,30.5
Senegal,SEN,2011,low,0.66,0.261,3.3,17.4,40.8,18.7,38.7,62.7,0.22,33.5,4.6,44.6,0.657,925.0,4.41,30.2
Senegal,SEN,2012,low,0.86,0.249,3.4,22.9,44.0,26.0,37.9,60.4,0.31,36.2,4.9,43.5,0.66,961.0,5.36,30.6
Senegal,SEN,2013,low,0.95,0.254,4.3,26.6,45.8,30.8,33.2,60.1,0.0,33.3,5.8,46.3,0.657,1045.0,4.28,30.8
Senegal,SEN,2014,low,0.94,0.224,4.0,30.3,49.4,36.8,39.3,58.6,0.0,35.7,5.7,48.4,0.642,1039.0,3.69,33.2
Senegal,SEN,2015,low,0.83,0.205,3.5,34.6,53.5,40.1,40.8,62.8,0.0,39.8,4.5,49.7,0.64,980.0,5.25,34.2
Senegal,SEN,2016,low,0.93,0.194,3.6,36.9,53.2,43.6,37.4,63.0,1.5,38.9,3.8,48.4,0.625,1032.0,4.99,32.6
Senegal,SEN,2017,low,0.96,0.188,3.7,38.8,61.8,47.3,44.8,65.1,1.5,43.0,4.5,49.4,0.605,1121.0,5.49,35.2
Senegal,SEN,2018,low,0.93,0.153,3.2,42.4,62.3,51.9,45.2,62.6,1.95,46.9,4.2,53.2,0.627,1104.0,5.13,35.6
Senegal,SEN,2019,low,0.86,0.161,3.2,42.5,64.5,56.1,42.3,62.5,2.43,43.9,4.3,53.8,0.605,1076.0,4.94,36.0
Senegal,SEN,2020,low,0.85,0.136,2.7,47.3,72.1,60.2,42.6,61.5,4.13,44.1,3.5,53.5,0.601,1249.0,5.9,37.6
Senegal,SEN,2021,low,0.77,0.107,2.5,48.4,72.3,65.3,45.7,62.5,4.24,49.5,2.7,54.3,0.581,1101.0,4.73,35.6
Senegal,SEN,2022,low,0.85,0.101,2.3,58.2,79.6,66.2,46.6,63.7,5.38,51.3,3.5,56.8,0.571,1269.0,4.6,37.0
Senegal,SEN,2023,low,0.54,0.098,2.1,57.5,81.7,75.1,46.0,62.1,6.98,51.0,5.0,57.0,0.585,1286.0,5.66,37.6
Niger,NER,2010,low,0.41,0.267,2.2,20.0,36.5,10.7,33.0,61.5,0.0,30.4,5.1,46.1,0.658,924.0,4.85,30.6
Niger,NER,2011,low,0.55,0.217,2.2,21.1,39.8,18.8,36.6,58.6,0.14,29.2,4.5,44.6,0.648,909.0,3.78,30.3
Niger,NER,2012,low,0.57,0.224,3.0,26.4,43.9,21.0,36.8,60.1,0.0,36.0,4.9,42.6,0.66,871.0,4.07,30.6
Niger,NER,2013,low,0.75,0.213,2.2,29.3,45.8,31.1,38.1,58.2,0.45,35.1,5.5,47.6,0.64,1036.0,5.0,31.2
Niger,NER,2014,low,1.02,0.208,3.3,30.4,49.3,31.1,36.0,59.0,0.0,39.8,4.8,47.3,0.644,1035.0,3.85,32.7
Niger,NER,2015,low,1.21,0.178,4.0,33.0,50.4,37.6,37.8,63.6,0.05,41.4,4.0,45.7,0.626,975.0,3.61,34.7
Niger,NER,2016,low,1.39,0.17,5.4,35.1,58.6,40.8,40.6,61.0,0.73,41.8,3.9,49.6,0.638,1052.0,5.14,34.5
Niger,NER,2017,low,1.46,0.161,5.3,41.2,57.5,47.0,40.3,59.5,2.15,43.1,4.5,49.7,0.602,1079.0,5.44,34.0
Niger,NER,2018,low,1.52,0.141,5.1,43.0,62.0,54.0,40.1,64.4,2.72,39.7,4.6,53.5,0.611,1099.0,4.78,34.3
Niger,NER,2019,low,1.61,0.122,5.1,45.4,69.9,59.1,43.9,60.6,3.24,41.7,4.6,51.5,0.604,1206.0,5.12,34.3
Niger,NER,2020,low,1.6,0.105,5.0,49.2,73.7,62.0,43.8,61.8,3.67,44.4,3.2,54.6,0.574,1112.0,4.85,37.7
Niger,NER,2021,low,1.66,0.106,4.7,52.1,78.6,63.7,46.0,65.4,4.58,48.0,4.1,54.2,0.595,1257.0,4.14,38.5
Niger,NER,2022,low,1.66,0.087,5.0,56.7,78.3,68.1,49.3,61.9,5.39,44.9,3.3,53.6,0.579,1280.0,4.3,37.8
Niger,NER,2023,low,1.71,0.079,4.2,57.1,83.4,77.8,51.9,63.8,6.55,50.0,5.0,54.6,0.587,1321.0,5.11,37.9
Madagascar,MDG,2010,low,0.25,0.346,2.1,19.9,39.9,15.2,35.3,57.7,0.21,29.4,4.8,44.6,0.662,819.0,4.25,29.7
Madagascar,MDG,2011,low,0.28,0.347,1.3,17.2,38.1,19.1,36.6,62.5,0.59,33.6,5.6,48.4,0.654,909.0,4.42,31.4
Madagascar,MDG,2012,low,0.45,0.292,1.4,27.7,38.0,23.9,36.8,62.1,0.0,36.3,5.5,47.6,0.647,957.0,4.97,32.0
Madagascar,MDG,2013,low,0.53,0.274,1.8,30.1,40.4,28.9,38.8,62.8,0.0,31.7,5.3,47.4,0.655,960.0,5.15,33.0
Madagascar,MDG,2014,low,0.68,0.261,2.3,33.6,50.8,34.8,39.5,59.2,0.0,37.0,4.7,48.3,0.639,1018.0,4.49,32.2
Madagascar,MDG,2015,low,0.76,0.24,2.9,33.7,50.6,35.0,39.2,64.9,0.03,34.6,3.8,50.4,0.628,926.0,4.48,33.6
Madagascar,MDG,2016,low,0.69,0.231,2.7,37.5,56.5,43.4,40.7,64.4,0.48,37.5,4.8,48.0,0.622,1039.0,5.91,34.4
Madagascar,MDG,2017,low,0.71,0.208,2.2,42.3,60.5,46.9,38.5,60.8,0.84,40.7,4.1,50.3,0.616,1122.0,4.69,34.1
Madagascar,MDG,2018,low,0.59,0.202,2.6,40.0,62.3,49.6,39.2,65.7,1.72,42.9,4.5,52.0,0.61,1133.0,5.34,33.8
Madagascar,MDG,2019,low,0.72,0.182,2.0,44.0,65.2,58.1,43.5,64.7,2.65,47.4,5.0,51.6,0.608,1248.0,5.47,35.0
Madagascar,MDG,2020,low,0.62,0.159,2.3,48.8,68.9,58.7,40.4,62.5,5.02,41.6,4.4,52.7,0.604,1186.0,4.96,34.9
Madagascar,MDG,2021,low,0.86,0.147,1.9,48.6,78.6,65.3,44.8,64.9,5.03,50.0,3.6,53.3,0.59,1252.0,5.05,36.7
Madagascar,MDG,2022,low,1.06,0.118,2.1,51.3,77.9,67.6,46.1,65.7,5.83,46.2,3.9,53.1,0.599,1370.0,5.45,35.8
Madagascar,MDG,2023,low,1.2,0.089,2.8,58.2,80.7,77.3,49.6,65.4,6.59,53.1,3.4,54.8,0.593,1359.0,3.94,37.3
